{
  "mse": 0.7712109931164575,
  "rmse": 0.8781861950158734,
  "mae": 0.6786226867390764,
  "r2": 0.2294643102162034
}